Wiki,DP-means (4 clusters),DP-means (5 clusters),"DP-means (4 clusters, scaled features)",Hierarchical (10 clusters),Hierarchical (4 clusters),Hierarchical (5 clusters),k-means (4 clusters),k-means (5 clusters),Model-based (10 clusters)
English Wikipedia,3,5,2,1,1,1,1,4,1
Spanish Wikipedia,2,5,2,1,1,1,1,4,1
German Wikipedia,2,5,3,1,1,1,1,4,1
Japanese Wikipedia,2,5,2,1,1,1,1,4,1
French Wikipedia,3,3,2,2,2,2,1,1,3
Russian Wikipedia,3,3,2,2,2,2,1,1,3
Wikimedia Commons,3,3,2,2,2,2,1,1,4
Italian Wikipedia,2,5,2,1,1,1,1,4,1
Chinese Wikipedia,3,3,2,2,2,2,1,1,3
Portuguese Wikipedia,3,3,2,2,2,2,1,1,3
Polish Wikipedia,3,3,2,2,2,2,1,1,3
Dutch Wikipedia,2,5,2,1,1,1,1,4,1
Arabic Wikipedia,3,3,2,2,2,2,1,1,3
Persian Wikipedia,3,3,2,2,2,2,1,1,3
Korean Wikipedia,2,5,2,1,1,1,1,4,1
Indonesian Wikipedia,3,3,2,2,2,2,1,1,3
Swedish Wikipedia,2,5,2,1,1,1,1,4,1
English Wiktionary,2,5,2,1,1,1,1,4,7
Ukrainian Wikipedia,2,5,2,1,1,1,1,4,1
Wikidata,3,3,2,2,2,2,1,1,3
Czech Wikipedia,2,5,2,1,1,1,1,4,1
Hebrew Wikipedia,3,3,2,2,2,2,1,1,3
Vietnamese Wikipedia,2,5,2,1,1,1,1,4,4
Thai Wikipedia,2,5,2,1,1,1,1,4,1
Hungarian Wikipedia,2,5,2,1,1,1,1,4,1
Finnish Wikipedia,3,3,2,2,2,2,1,1,3
Turkish Wikipedia,2,5,2,1,1,1,1,4,1
Norwegian Wikipedia,3,3,2,2,2,2,1,1,3
Romanian Wikipedia,2,5,2,1,1,1,4,4,1
Greek Wikipedia,3,3,2,2,2,2,1,1,3
Catalan Wikipedia,3,3,2,2,2,2,1,1,3
Simple English Wikipedia,2,5,2,1,1,1,4,4,1
Hindi Wikipedia,2,5,2,1,1,1,4,4,1
Serbian Wikipedia,2,5,2,1,1,1,4,4,4
Danish Wikipedia,2,5,2,1,1,1,4,4,1
French Wiktionary,2,5,2,1,1,1,1,4,4
Bulgarian Wikipedia,2,5,2,1,1,1,4,4,1
English Wikibooks,2,5,2,1,1,1,4,4,1
Croatian Wikipedia,2,5,2,1,1,1,4,4,1
English Wikiquote,2,5,2,1,1,1,4,4,1
Slovak Wikipedia,2,5,2,3,1,1,4,4,1
Russian Wiktionary,2,5,2,1,1,1,4,4,7
Malay Wikipedia,2,5,2,1,1,1,4,4,1
Azerbaijani Wikipedia,2,5,2,1,1,1,4,4,1
Bangla Wikipedia,2,5,2,1,1,1,4,4,1
German Wiktionary,2,5,2,3,1,1,4,4,7
Tamil Wikipedia,2,5,2,3,1,1,4,4,1
Estonian Wikipedia,2,5,2,3,1,1,4,4,1
Lithuanian Wikipedia,2,5,2,3,1,1,4,4,1
Slovenian Wikipedia,2,5,2,3,1,1,4,4,1
Armenian Wikipedia,2,5,2,3,1,1,4,4,1
English Wikivoyage,2,5,2,3,1,1,4,4,1
Serbo-Croatian Wikipedia,2,5,2,1,1,1,4,4,5
Polish Wiktionary,2,5,2,3,1,1,4,4,7
Cantonese Wikipedia,2,5,2,3,1,1,4,4,1
Kazakh Wikipedia,2,5,2,3,1,1,4,4,4
English Wikisource,2,5,2,3,1,1,4,4,7
Latvian Wikipedia,3,3,2,3,1,1,1,1,3
English Wikiversity,2,5,2,3,1,1,4,4,1
Georgian Wikipedia,2,5,2,3,1,1,4,4,1
Tagalog Wikipedia,2,5,2,1,1,1,4,4,1
Albanian Wikipedia,2,5,2,1,1,1,4,4,1
Bosnian Wikipedia,3,3,2,3,1,1,1,1,3
Marathi Wikipedia,2,5,2,1,1,1,4,4,1
Galician Wikipedia,2,5,2,3,1,1,4,4,1
Spanish Wiktionary,2,5,2,3,1,1,4,4,1
French Wikisource,3,3,2,3,1,1,1,1,3
German Wikibooks,2,5,2,4,3,3,4,4,1
Basque Wikipedia,2,5,2,3,1,1,4,4,1
Malayalam Wikipedia,2,5,2,1,1,1,4,4,1
Russian Wikisource,2,5,2,3,1,1,4,4,7
Italian Wikiquote,2,5,2,3,1,1,4,4,1
German Wikivoyage,2,5,2,3,1,1,4,4,1
Macedonian Wikipedia,2,5,2,3,1,1,4,4,1
Russian Wikiquote,2,5,2,4,3,3,4,4,1
Telugu Wikipedia,2,5,2,1,1,1,4,4,1
Swedish Wiktionary,2,5,2,3,1,1,4,4,7
Greek Wiktionary,2,5,2,3,1,1,4,4,1
Wikimedia Incubator,2,5,2,3,1,1,4,4,1
Spanish Wikibooks,2,5,2,4,3,3,4,4,1
Belarusian Wikipedia,2,5,2,3,1,1,4,4,4
Italian Wiktionary,2,5,2,3,1,1,4,4,7
Norwegian Nynorsk Wikipedia,2,5,2,3,1,1,4,4,1
Afrikaans Wikipedia,2,5,2,3,1,1,4,4,1
Wikispecies,2,5,2,3,1,1,1,4,4
Egyptian Arabic Wikipedia,2,5,2,1,1,1,4,4,6
Esperanto Wikipedia,2,5,2,3,1,1,4,4,1
Japanese Wiktionary,2,5,2,3,1,1,4,4,7
French Wikiversity,3,3,2,3,1,1,1,1,3
Chinese Wikisource,2,5,2,3,1,1,4,4,7
Dutch Wiktionary,2,5,2,3,1,1,4,4,7
Polish Wikiquote,2,5,2,4,3,3,4,4,1
Urdu Wikipedia,3,3,2,2,2,2,1,1,3
German Wikisource,2,5,2,3,1,1,4,4,7
Japanese Wikibooks,2,2,2,4,3,3,4,3,1
Kannada Wikipedia,2,5,2,3,1,1,4,4,1
Portuguese Wiktionary,2,5,2,3,1,1,4,4,7
Spanish Wikisource,2,5,2,3,1,1,4,4,7
Chinese Wiktionary,2,5,2,3,1,1,4,4,7
Arabic Wikisource,2,2,2,5,1,1,4,4,6
Czech Wiktionary,2,2,2,3,1,1,4,4,7
Spanish Wikiquote,2,5,2,4,3,3,4,4,1
Swahili Wikipedia,2,2,2,3,1,1,4,4,1
French Wikibooks,2,2,2,3,1,1,4,4,1
Italian Wikisource,2,5,2,3,1,1,4,4,7
Icelandic Wikipedia,2,5,2,3,1,1,4,4,1
Italian Wikiversity,2,2,2,4,3,3,4,3,7
Finnish Wiktionary,2,5,2,3,1,1,4,4,4
Turkish Wiktionary,2,5,2,3,1,1,4,4,7
Portuguese Wikibooks,3,3,2,3,1,1,1,1,3
English Wikinews,2,5,2,3,1,1,4,4,7
Uzbek Wikipedia,2,2,2,3,1,1,4,4,1
Hebrew Wikisource,2,2,2,5,1,1,4,4,6
Spanish Wikiversity,2,2,2,4,3,3,4,3,1
Italian Wikibooks,2,2,2,4,3,3,4,3,1
Mongolian Wikipedia,2,2,2,3,1,1,4,3,1
Latin Wikipedia,2,5,2,3,1,1,4,4,1
Javanese Wikipedia,2,2,2,3,1,1,4,4,5
Russian Wikivoyage,2,2,2,3,1,1,4,3,7
Belarusian (Taraskievica orthography) Wikipedia,2,2,1,3,1,1,4,4,5
Korean Wiktionary,2,2,2,3,1,1,4,4,7
Multilingual Wikisource,2,2,2,3,1,1,4,4,7
Cebuano Wikipedia,2,2,2,3,1,1,4,4,4
Welsh Wikipedia,2,2,2,3,1,1,4,4,5
Italian Wikivoyage,2,2,2,3,1,1,4,3,5
Vietnamese Wiktionary,2,5,2,3,1,1,4,4,9
Kyrgyz Wikipedia,2,2,2,3,1,1,4,3,5
Asturian Wikipedia,2,2,2,3,1,1,4,4,5
Hebrew Wiktionary,2,2,2,5,1,1,4,3,6
Polish Wikisource,2,5,2,3,1,1,4,4,7
Armenian Wiktionary,2,2,1,3,1,1,4,3,7
French Wikiquote,2,2,2,3,1,1,4,3,3
Gujarati Wikipedia,2,2,2,1,1,1,4,3,1
Chinese Wikiquote,2,2,2,4,3,3,4,3,1
Russian Wikibooks,2,2,1,4,3,3,4,3,1
Punjabi Wikipedia,2,2,2,3,1,1,4,3,1
Nepali Wikipedia,2,2,2,1,1,1,4,3,1
Indonesian Wikibooks,2,2,2,4,3,3,4,3,9
Russian Wikiversity,2,2,2,4,3,3,4,3,7
Sundanese Wikipedia,2,2,2,6,3,4,4,3,5
French Wikivoyage,3,3,2,3,1,1,4,1,3
Thai Wiktionary,2,2,2,3,1,1,4,3,7
Polish Wikibooks,2,2,1,4,3,3,4,3,1
Tosk Wikipedia,2,2,3,7,1,1,4,3,4
Sinhala Wikipedia,2,2,2,3,1,1,4,3,1
Luxembourgish Wikipedia,2,2,1,3,1,1,4,3,5
Central Kurdish Wikipedia,2,2,2,5,1,1,4,3,6
German Wikiversity,2,2,1,3,1,1,4,3,7
Russian Wikinews,2,2,1,3,1,1,4,3,7
Scots Wikipedia,2,2,2,3,1,1,4,3,5
Turkish Wikiquote,2,2,2,4,3,3,4,3,1
Dutch Wikibooks,2,2,2,4,3,3,4,3,5
Indonesian Wiktionary,2,2,2,3,1,1,4,3,7
Chinese Wikibooks,2,2,2,4,3,3,4,3,4
Simple English Wiktionary,2,2,2,4,3,3,4,3,1
Portuguese Wikiversity,2,2,2,6,3,4,4,3,5
Bavarian Wikipedia,2,2,3,7,1,1,4,3,4
Burmese Wikipedia,2,2,3,1,1,1,4,3,4
Japanese Wikisource,2,2,2,6,3,4,4,3,7
German Wikiquote,2,2,2,4,3,3,4,3,5
Classical Chinese Wikipedia,2,2,3,7,1,1,4,3,4
Persian Wikisource,2,2,2,5,1,1,4,3,6
Western Frisian Wikipedia,2,2,1,3,1,1,4,3,5
Breton Wikipedia,2,2,1,3,1,1,4,3,5
Irish Wikipedia,2,2,1,3,1,1,4,3,5
Aragonese Wikipedia,2,2,1,3,1,1,4,3,7
Bashkir Wikipedia,2,2,1,3,1,1,4,3,7
Occitan Wikipedia,2,2,1,3,1,1,4,3,5
Persian Wikibooks,2,2,2,5,1,1,4,3,6
Hebrew Wikiquote,2,2,2,5,1,1,4,3,6
Tajik Wikipedia,2,2,2,6,3,4,4,3,1
Khmer Wikipedia,2,2,2,4,3,3,4,3,4
Tatar Wikipedia,2,2,1,3,1,1,4,3,5
Norwegian Wiktionary,2,2,2,3,1,1,4,3,9
Arabic Wiktionary,2,2,2,5,1,1,4,3,6
Persian Wikiquote,2,2,2,5,1,1,4,3,6
Persian Wiktionary,2,2,2,5,1,1,4,3,6
Odia Wikipedia,2,2,2,3,1,1,4,3,4
Waray Wikipedia,2,2,1,6,3,4,4,3,5
Catalan Wiktionary,2,2,2,3,1,1,4,3,7
Hebrew Wikibooks,2,2,2,5,1,1,4,3,6
Korean Wikisource,2,2,1,6,3,4,4,3,7
Hungarian Wiktionary,2,2,2,8,3,3,4,3,9
Arabic Wikiquote,1,2,2,5,1,1,4,3,6
Kurdish Wikipedia,2,2,2,6,3,4,4,3,1
Thai Wikibooks,2,2,2,4,3,3,4,3,9
Arabic Wikibooks,1,2,2,5,1,1,4,3,6
Chinese (Min Nan) Wikipedia,2,2,1,3,1,1,4,3,7
Thai Wikisource,2,2,2,4,3,3,4,3,1
Assamese Wikipedia,2,2,2,3,1,1,4,3,1
South Azerbaijani Wikipedia,2,2,2,5,1,1,4,3,6
Tamil Wiktionary,2,2,2,3,1,1,4,3,9
Turkish Wikisource,1,2,2,4,3,3,4,3,7
Somali Wikipedia,2,2,2,4,3,3,4,3,1
Slovenian Wikisource,1,2,1,6,3,4,4,3,7
Portuguese Wikiquote,2,2,2,4,3,3,4,3,5
Finnish Wikibooks,1,2,2,6,3,4,4,3,5
Sicilian Wikipedia,2,2,1,3,1,1,4,3,5
Low German Wikipedia,2,2,1,3,1,1,4,3,5
Venetian Wikipedia,2,2,1,6,3,4,4,3,10
Spanish Wikivoyage,1,2,2,6,3,4,4,3,5
Ukrainian Wikiquote,1,2,1,3,1,1,4,3,7
Portuguese Wikisource,2,2,2,4,3,3,4,3,9
Wu Chinese Wikipedia,2,2,1,6,3,4,4,3,1
Igbo Wikipedia,1,2,2,4,3,3,4,3,5
Bulgarian Wiktionary,2,2,2,4,3,3,4,3,9
Lombard Wikipedia,2,2,1,8,3,3,4,3,10
Yiddish Wikipedia,2,2,1,5,1,1,4,3,6
Ukrainian Wiktionary,2,2,2,4,3,3,4,3,9
Mazanderani Wikipedia,2,2,2,5,1,1,4,3,6
Czech Wikiquote,1,2,1,6,3,4,4,3,7
Hindi Wikibooks,1,2,2,4,3,3,2,3,1
Amharic Wikipedia,2,2,2,3,1,1,4,3,1
Pashto Wikipedia,2,2,2,5,1,1,4,3,6
Czech Wikisource,2,2,1,6,3,4,4,3,7
Polish Wikivoyage,1,2,1,6,3,4,4,3,5
Spanish Wikinews,2,2,1,3,1,1,4,3,7
Romanian Wikisource,2,2,2,4,3,3,4,3,9
Persian Wikivoyage,1,2,2,5,1,1,4,3,6
Sakha Wikipedia,1,2,1,6,3,4,4,3,5
Bhojpuri Wikipedia,1,2,2,6,3,4,4,3,1
Fiji Hindi Wikipedia,2,2,2,6,3,4,4,3,5
Romanian Wiktionary,2,2,2,3,1,1,4,3,7
Interlingua Wikipedia,2,2,1,6,3,4,4,3,5
Chuvash Wikipedia,2,2,1,3,1,1,4,3,7
Western Punjabi Wikipedia,2,2,1,5,1,1,4,3,6
French Wikinews,2,2,2,3,1,1,4,3,5
German Wikinews,2,2,1,3,1,1,4,3,7
Limburgish Wikipedia,2,2,1,6,3,4,4,3,5
Czech Wikiversity,1,2,1,6,3,4,2,3,7
Vietnamese Wikiquote,1,1,2,4,3,3,2,5,9
Hindi Wiktionary,2,2,2,3,1,1,4,3,4
Turkish Wikibooks,1,2,2,4,3,3,2,3,9
Serbian Wiktionary,2,2,2,3,1,1,4,3,7
Turkmen Wikipedia,1,2,2,6,3,4,4,3,5
Portuguese Wikinews,2,2,2,3,1,1,4,3,5
Ido Wikipedia,2,2,1,6,3,4,4,3,5
Chechen Wikipedia,2,2,1,3,1,1,4,3,7
Sanskrit Wikipedia,2,2,1,3,1,1,4,3,1
Malagasy Wikipedia,2,2,1,8,3,3,4,3,10
Finnish Wikiquote,1,2,1,6,3,4,4,3,7
Greek Wikisource,1,2,1,6,3,4,4,3,7
Kurdish Wiktionary,2,2,2,3,1,1,4,3,7
Neapolitan Wikipedia,2,2,2,6,3,4,4,3,5
Central Bikol Wikipedia,1,2,1,6,3,4,4,3,5
Ukrainian Wikisource,1,2,1,6,3,4,4,3,7
Hungarian Wikibooks,2,2,1,6,3,4,4,3,7
Faroese Wikipedia,2,2,1,7,1,1,4,3,1
Danish Wiktionary,2,2,1,6,3,4,4,3,7
Serbian Wikisource,1,2,2,6,3,4,4,3,7
Lithuanian Wiktionary,2,2,2,3,1,1,4,3,9
Minangkabau Wikipedia,2,2,1,6,3,4,4,3,5
Bangla Wikisource,2,2,2,3,1,1,4,3,7
Azerbaijani Wikisource,1,2,2,6,3,4,4,3,7
Italian Wikinews,2,2,1,6,3,4,4,3,7
Goan Konkani Wikipedia,1,2,1,3,1,1,2,3,3
Haitian Creole Wikipedia,2,2,1,3,1,1,4,3,1
Maithili Wikipedia,1,2,1,6,3,4,4,3,5
Quechua Wikipedia,1,2,1,6,3,4,4,3,10
Guarani Wikipedia,1,2,1,6,3,4,4,3,5
Old English Wikipedia,1,2,3,7,1,1,4,3,2
Chinese Wikivoyage,1,2,1,6,3,4,2,3,5
Dutch Wikivoyage,1,2,1,6,3,4,2,3,5
Banyumasan Wikipedia,1,2,2,3,1,1,4,3,7
Ukrainian Wikivoyage,1,1,1,6,3,4,2,3,1
Sindhi Wikipedia,1,2,2,5,1,1,4,3,6
Rusyn Wikipedia,1,2,1,6,3,4,2,3,5
Czech Wikibooks,1,2,1,3,1,1,2,3,5
Scottish Gaelic Wikipedia,2,2,1,6,3,4,4,3,5
Swedish Wikisource,2,2,1,6,3,4,4,3,7
Armenian Wikisource,2,2,1,6,3,4,4,3,7
Lao Wikipedia,1,2,1,8,3,3,2,3,10
Tamil Wikisource,1,2,2,3,1,1,4,3,7
Hausa Wikipedia,1,2,2,4,3,3,2,3,1
Piedmontese Wikipedia,2,2,1,6,3,4,4,3,5
Arabic Wikiversity,1,2,2,5,1,1,2,3,6
Mingrelian Wikipedia,1,2,1,8,3,3,4,3,10
Thai Wikiquote,1,2,1,4,3,3,2,3,9
Volapuk Wikipedia,2,2,1,6,3,4,4,3,7
Emiliano-Romagnolo Wikipedia,1,2,1,6,3,4,4,3,10
Yoruba Wikipedia,2,2,1,3,1,1,4,3,7
Zazaki Wikipedia,1,2,1,6,3,4,4,3,5
West Flemish Wikipedia,1,2,1,6,3,4,4,3,5
Croatian Wiktionary,2,2,2,4,3,3,4,3,9
Tagalog Wikibooks,1,1,2,4,3,3,2,5,9
Greek Wikibooks,1,1,1,6,3,4,2,5,8
Hebrew Wikivoyage,1,2,1,5,1,1,2,3,6
Pampanga Wikipedia,1,2,1,3,1,1,4,3,10
Ligurian Wikipedia,1,2,1,6,3,4,2,3,10
Maltese Wikipedia,1,2,1,6,3,4,4,3,5
Low Saxon Wikipedia,1,2,1,6,3,4,4,3,10
Upper Sorbian Wikipedia,1,2,1,6,3,4,4,3,7
Greek Wikiquote,1,2,1,4,3,3,2,3,5
Ladino Wikipedia,1,2,1,6,3,4,2,3,7
Walloon Wikipedia,1,2,1,6,3,4,4,3,10
Silesian Wikipedia,1,2,1,6,3,4,4,3,10
Azerbaijani Wikibooks,1,2,1,6,3,4,2,3,7
Estonian Wiktionary,2,2,1,6,3,4,4,3,7
Sardinian Wikipedia,1,2,1,6,3,4,4,3,5
Min Dong Chinese Wikipedia,1,2,1,6,3,4,4,3,10
Mongolian Wiktionary,1,2,1,6,3,4,2,3,7
Finnish Wikisource,1,2,1,6,3,4,4,3,7
Dutch Wikisource,1,2,1,6,3,4,4,3,7
Achinese Wikipedia,1,2,1,6,3,4,4,3,1
Catalan Wikiquote,3,3,1,3,1,1,2,1,3
Hakka Chinese Wikipedia,1,2,1,6,3,4,4,3,10
Bulgarian Wikiquote,1,2,1,4,3,3,2,3,9
Latin Wikisource,1,2,1,6,3,4,2,3,7
Chinese Wikinews,1,2,1,3,1,1,4,3,5
Indonesian Wikisource,1,2,1,6,3,4,4,3,7
Hungarian Wikiquote,1,2,1,4,3,3,2,3,5
Eastern Mari Wikipedia,1,2,1,6,3,4,4,3,7
Korean Wikibooks,1,1,1,4,3,3,2,3,9
Samogitian Wikipedia,1,2,1,6,3,4,4,3,5
Vietnamese Wikibooks,1,2,1,8,3,3,2,3,9
Swedish Wikibooks,1,2,1,4,3,3,2,3,5
Iloko Wikipedia,1,2,1,6,3,4,4,3,7
Azerbaijani Wikiquote,1,2,2,4,3,3,2,3,7
Northern Frisian Wikipedia,1,2,1,6,3,4,4,3,7
Portuguese Wikivoyage,1,2,1,6,3,4,2,3,5
Croatian Wikiquote,1,1,1,8,3,3,2,3,7
Gan Chinese Wikipedia,1,2,1,4,3,3,4,3,1
Japanese Wikiquote,1,2,1,4,3,3,2,3,9
Interlingue Wikipedia,1,2,1,6,3,4,2,3,7
Erzya Wikipedia,1,2,1,6,3,4,2,3,10
Shona Wikipedia,1,2,1,6,3,4,2,3,1
Bishnupriya Wikipedia,1,2,2,3,1,1,4,3,10
Tulu Wikipedia,1,1,1,6,3,4,2,5,1
Crimean Turkish Wikipedia,1,2,1,6,3,4,2,3,7
Bosnian Wikiquote,1,2,1,4,3,3,2,3,9
Romansh Wikipedia,1,2,1,6,3,4,2,3,5
Japanese Wikinews,1,2,1,4,3,3,2,3,5
Dutch Wikiquote,1,2,1,4,3,3,2,3,5
Vietnamese Wikisource,1,2,1,4,3,3,2,3,9
Ossetic Wikipedia,1,2,1,6,3,4,4,3,7
Tuvinian Wikipedia,1,1,1,6,3,4,2,5,10
Picard Wikipedia,1,2,1,6,3,4,2,3,5
Kabyle Wikipedia,1,2,1,3,1,1,2,3,3
Zulu Wikipedia,1,2,1,6,3,4,2,3,7
Armenian Wikiquote,1,1,1,3,1,1,2,3,7
Icelandic Wiktionary,1,2,1,6,3,4,4,3,7
Veps Wikipedia,1,2,1,6,3,4,2,3,5
Slovak Wiktionary,1,2,1,6,3,4,4,3,7
Nahuatl Wikipedia,1,2,1,6,3,4,4,3,7
Pennsylvania German Wikipedia,1,2,1,6,3,4,2,3,5
Northern Sami Wikipedia,1,2,1,6,3,4,2,3,10
Tibetan Wikipedia,1,2,1,6,3,4,2,3,1
Malayalam Wikisource,1,2,2,6,3,4,4,3,7
Mirandese Wikipedia,1,2,1,6,3,4,2,3,7
Arabic Wikinews,1,2,2,5,1,1,4,3,6
Sanskrit Wikisource,1,2,1,6,3,4,2,3,7
Telugu Wikisource,1,2,1,6,3,4,2,3,7
Tagalog Wiktionary,1,2,2,3,1,1,4,3,9
Corsican Wikipedia,1,2,1,8,3,3,2,3,10
Kannada Wikisource,1,2,1,6,3,4,2,3,7
Gilaki Wikipedia,1,2,2,5,1,1,2,3,6
Dutch Wikinews,4,4,4,9,4,5,3,2,2
Oromo Wikipedia,1,2,2,4,3,3,2,3,1
Esperanto Wiktionary,1,2,1,10,3,4,4,3,7
Papiamento Wikipedia,1,2,1,6,3,4,2,3,10
Slovak Wikiquote,1,2,1,4,3,3,2,3,9
Xhosa Wikipedia,1,1,1,6,3,4,2,5,5
Arpitan Wikipedia,1,2,1,6,3,4,2,3,7
Ido Wiktionary,2,2,1,10,3,4,4,3,7
Northern Luri Wikipedia,1,2,1,5,1,1,2,3,6
Lezghian Wikipedia,1,2,1,6,3,4,2,3,5
Hindi Wikiquote,1,1,2,4,3,3,2,5,7
Lower Sorbian Wikipedia,1,2,1,6,3,4,2,3,7
Aymara Wikipedia,1,2,1,6,3,4,2,3,5
Kalmyk Wikipedia,1,2,1,4,3,3,2,3,8
Banjar Wikipedia,1,2,1,6,3,4,2,3,7
Livvi-Karelian Wikipedia,4,4,4,9,4,5,3,2,2
Tetum Wikipedia,1,1,1,6,3,4,2,3,5
Swedish Wikiquote,1,1,1,4,3,3,2,3,9
Afrikaans Wiktionary,1,2,1,6,3,4,4,3,7
Finnish Wikiversity,1,1,1,6,3,4,2,5,7
Slovenian Wikiversity,1,1,1,6,3,4,2,5,7
Kinyarwanda Wikipedia,1,2,1,6,3,4,2,3,5
Croatian Wikisource,1,2,1,4,3,3,2,3,9
Newari Wikipedia,1,2,1,6,3,4,4,3,5
Azerbaijani Wiktionary,1,2,1,6,3,4,4,3,7
Zeelandic Wikipedia,1,2,1,6,3,4,2,3,10
Voro Wikipedia,1,2,1,6,3,4,2,3,5
Catalan Wikibooks,1,2,1,6,3,4,2,3,5
Galician Wiktionary,1,2,1,6,3,4,4,3,7
Vietnamese Wikivoyage,1,2,1,6,3,4,2,3,5
Saterland Frisian Wikipedia,1,2,1,6,3,4,2,3,7
Friulian Wikipedia,1,2,1,6,3,4,2,3,10
Ukrainian Wikibooks,1,1,1,4,3,3,2,5,9
Abkhazian Wikipedia,1,2,1,6,3,4,2,3,1
Kannada Wiktionary,1,2,2,3,1,1,4,3,9
Malayalam Wiktionary,1,2,2,3,1,1,4,3,4
Norfuk-Pitkern Wikipedia,1,1,1,8,3,3,2,5,10
Church Slavic Wikipedia,1,1,1,6,3,4,2,5,1
Polish Wikinews,1,2,1,3,1,1,4,3,7
Udmurt Wikipedia,1,2,1,6,3,4,2,3,7
Kabiye Wikipedia,4,4,4,9,4,5,3,2,2
Tarantino Wikipedia,1,2,1,6,3,4,2,3,7
Kashubian Wikipedia,1,2,1,6,3,4,2,3,10
Chavacano Wikipedia,1,2,1,8,3,3,2,3,10
Jamaican Creole English Wikipedia,1,1,1,6,3,4,2,3,10
Manx Wikipedia,1,2,1,6,3,4,2,3,7
Komi Wikipedia,1,2,1,6,3,4,2,3,7
Colognian Wikipedia,1,2,1,4,3,3,2,3,5
Novial Wikipedia,1,2,1,6,3,4,2,3,5
Doteli Wikipedia,4,4,4,9,4,5,3,2,2
Hawaiian Wikipedia,1,2,1,6,3,4,2,3,7
Pangasinan Wikipedia,1,2,1,6,3,4,2,3,5
Maori Wikipedia,1,2,1,6,3,4,2,3,5
Russia Buriat Wikipedia,1,1,1,6,3,4,2,3,10
Lithuanian Wikiquote,1,1,1,6,3,4,2,5,7
Cornish Wikipedia,1,2,1,6,3,4,2,3,5
Uyghur Wikipedia,1,2,1,6,3,4,2,3,6
Palatine German Wikipedia,1,2,1,6,3,4,2,3,1
Georgian Wiktionary,1,2,1,3,1,1,2,3,9
Danish Wikisource,1,1,1,6,3,4,2,3,7
Croatian Wikibooks,1,1,1,4,3,3,2,5,9
Tswana Wikipedia,1,1,1,4,3,3,2,5,5
Indonesian Wikiquote,1,2,2,4,3,3,2,3,9
Bangla Wiktionary,1,2,2,3,1,1,2,3,7
Lingala Wikipedia,1,2,1,6,3,4,2,3,10
Malay Wiktionary,1,2,1,4,3,3,2,3,9
Slovenian Wikiquote,1,1,1,6,3,4,2,5,7
Avaric Wikipedia,1,2,3,7,1,1,2,3,1
Icelandic Wikibooks,1,1,1,8,3,3,2,5,7
Albanian Wiktionary,1,2,2,8,3,3,2,3,9
Walloon Wiktionary,1,2,1,3,1,1,2,3,3
Slovak Wikibooks,1,1,1,4,3,3,2,5,5
Extremaduran Wikipedia,1,2,1,6,3,4,2,3,10
Greek Wikiversity,1,1,1,4,3,3,2,5,9
Bulgarian Wikisource,1,1,1,4,3,3,2,3,8
Gagauz Wikipedia,1,1,1,6,3,4,2,3,7
Northern Sotho Wikipedia,1,2,1,6,3,4,2,3,7
Tsonga Wikipedia,1,1,1,6,3,4,2,5,7
Catalan Wikisource,1,2,1,6,3,4,2,3,7
Greek Wikivoyage,1,1,1,6,3,4,2,5,5
Sicilian Wiktionary,1,2,1,8,3,3,2,3,9
Belarusian Wikisource,1,1,1,6,3,4,2,3,7
Ukrainian Wikinews,1,1,1,6,3,4,2,5,7
Kara-Kalpak Wikipedia,1,1,1,6,3,4,2,3,10
Khmer Wiktionary,1,1,1,8,3,3,2,3,9
Latvian Wiktionary,1,2,1,8,3,3,2,3,9
Danish Wikibooks,1,1,1,6,3,4,2,5,7
Malayalam Wikiquote,1,1,1,8,3,3,2,5,9
Lithuanian Wikibooks,1,1,1,4,3,3,2,5,9
Czech Wikinews,1,2,1,6,3,4,2,3,7
Albanian Wikibooks,1,2,1,8,3,3,2,3,9
Bislama Wikipedia,1,1,1,6,3,4,2,5,10
Norman Wikipedia,1,2,1,6,3,4,2,3,7
Aromanian Wikipedia,1,1,1,6,3,4,2,5,10
Vlax Romani Wikipedia,1,1,1,8,3,3,2,5,10
Uzbek Wiktionary,1,2,1,3,1,1,4,3,9
Divehi Wikipedia,1,2,1,6,3,4,2,3,6
Breton Wiktionary,1,2,1,8,3,3,2,3,9
Ganda Wikipedia,1,1,1,6,3,4,2,5,7
Navajo Wikipedia,1,2,1,6,3,4,2,3,7
Bulgarian Wikibooks,1,1,1,6,3,4,2,5,8
Cherokee Wikipedia,1,1,1,6,3,4,2,5,5
Southern Sotho Wikipedia,1,1,1,4,3,3,2,5,5
Kazakh Wikibooks,1,1,1,8,3,3,2,5,9
Occitan Wiktionary,1,2,1,6,3,4,2,3,7
Gujarati Wikisource,1,2,1,6,3,4,2,3,7
Buginese Wikipedia,1,2,1,8,3,3,2,3,10
Latin Wiktionary,1,2,1,6,3,4,2,3,7
Bangla Wikibooks,1,1,2,4,3,3,2,5,1
Korean Wikiquote,1,1,1,8,3,3,2,5,9
Kalaallisut Wikipedia,1,1,1,6,3,4,2,3,5
Kikuyu Wikipedia,1,1,1,6,3,4,2,5,5
Western Mari Wikipedia,1,2,1,6,3,4,2,3,7
Akan Wikipedia,1,1,1,6,3,4,2,5,1
Malagasy Wiktionary,2,2,2,3,1,1,4,3,4
Wolof Wikipedia,1,1,1,6,3,4,2,5,10
Bambara Wikipedia,1,1,1,6,3,4,2,5,10
Romanian Wikibooks,1,1,1,6,3,4,2,5,5
Twi Wikipedia,1,1,1,6,3,4,2,5,8
Aramaic Wikipedia,1,1,1,6,3,4,2,5,6
Hungarian Wikisource,1,2,1,6,3,4,4,3,7
Atikamekw Wikipedia,4,4,4,9,4,5,3,2,2
Belarusian Wikiquote,1,1,1,6,3,4,2,5,7
Basque Wiktionary,1,2,1,10,3,4,2,3,7
Samoan Wikipedia,1,1,1,6,3,4,2,5,10
Romanian Wikiquote,1,1,1,8,3,3,2,5,9
Tok Pisin Wikipedia,1,1,1,6,3,4,2,5,10
Gothic Wikipedia,1,1,1,6,3,4,2,5,8
Georgian Wikiquote,1,1,1,6,3,4,2,5,5
Swedish Wikivoyage,1,1,1,6,3,4,2,5,5
Norwegian Wikisource,1,1,1,6,3,4,2,5,7
Sanskrit Wiktionary,1,2,2,8,3,3,2,3,9
Sranan Tongo Wikipedia,1,1,1,6,3,4,2,5,10
Kongo Wikipedia,1,1,1,6,3,4,2,5,10
Nauru Wikipedia,1,1,1,6,3,4,2,5,10
Burmese Wiktionary,1,2,1,3,1,1,4,3,7
Komi-Permyak Wikipedia,1,1,1,6,3,4,2,3,7
Chamorro Wikipedia,1,1,1,6,3,4,2,5,5
Lojban Wikipedia,1,1,1,6,3,4,2,5,5
Dinka Wikipedia,4,4,4,9,4,5,3,2,2
Latgalian Wikipedia,1,1,1,6,3,4,2,5,5
Danish Wikiquote,1,1,1,8,3,3,2,5,5
Esperanto Wikisource,1,1,1,6,3,4,2,5,7
Catalan Wikinews,1,1,1,10,3,4,2,3,7
Moksha Wikipedia,1,1,1,6,3,4,2,5,7
Sango Wikipedia,1,1,1,6,3,4,2,5,10
Urdu Wiktionary,1,2,1,5,1,1,2,3,6
Swati Wikipedia,1,1,1,6,3,4,2,5,10
Urdu Wikiquote,1,1,1,5,1,1,2,5,6
Serbo-Croatian Wiktionary,2,2,2,3,1,1,4,3,9
Tahitian Wikipedia,1,1,1,6,3,4,2,5,10
Tumbuka Wikipedia,1,1,1,6,3,4,2,5,10
Estonian Wikisource,1,1,1,6,3,4,2,5,7
Estonian Wikibooks,1,1,1,6,3,4,2,5,7
Esperanto Wikiquote,1,1,1,6,3,4,2,5,9
Odia Wikisource,1,1,1,8,3,3,2,5,7
Finnish Wikivoyage,4,4,4,9,4,5,3,2,2
Korean Wikiversity,1,1,1,8,3,3,2,5,9
Estonian Wikiquote,1,1,1,8,3,3,2,5,9
Zhuang Wikipedia,1,1,1,6,3,4,2,5,10
Low German Wiktionary,1,1,1,6,3,4,2,3,7
Tongan Wikipedia,1,1,1,6,3,4,2,5,10
Serbian Wikinews,1,2,1,10,3,4,2,3,5
Galician Wikisource,1,1,1,6,3,4,2,5,5
Kabardian Wikipedia,1,1,1,4,3,3,2,5,8
Tamil Wikibooks,1,1,1,4,3,3,2,5,9
Ewe Wikipedia,1,1,1,6,3,4,2,5,10
Inupiaq Wikipedia,1,1,1,6,3,4,2,5,10
Marathi Wikisource,1,1,1,6,3,4,2,5,7
Cheyenne Wikipedia,1,1,1,6,3,4,2,5,10
Norwegian Wikiquote,1,1,1,6,3,4,2,5,7
Slovenian Wiktionary,1,2,1,4,3,3,2,3,9
Swedish Wikiversity,1,1,1,6,3,4,2,5,7
Telugu Wiktionary,1,2,1,8,3,3,4,3,9
Slovak Wikisource,1,1,1,6,3,4,2,5,5
Breton Wikisource,1,1,1,6,3,4,2,5,7
Rundi Wikipedia,1,1,1,6,3,4,2,5,8
Slovenian Wikibooks,1,1,1,8,3,3,2,5,7
Marathi Wiktionary,1,1,1,8,3,3,2,5,9
Fulah Wikipedia,1,1,1,6,3,4,2,5,10
Serbian Wikiquote,1,1,1,8,3,3,2,5,9
Nyanja Wikipedia,1,1,1,6,3,4,2,5,10
Kashmiri Wikipedia,1,1,1,6,3,4,2,5,6
Fijian Wikipedia,1,1,1,6,3,4,2,5,10
Norwegian Nynorsk Wiktionary,1,1,1,10,3,4,2,3,7
Macedonian Wikisource,1,1,1,6,3,4,2,5,7
Tajik Wiktionary,1,2,1,6,3,4,2,3,9
Pontic Wikipedia,1,1,3,7,1,1,2,5,2
Lak Wikipedia,1,1,1,6,3,4,2,5,7
Cree Wikipedia,1,1,1,6,3,4,2,5,5
Punjabi Wiktionary,1,1,1,6,3,4,2,3,7
Inuktitut Wikipedia,1,1,1,6,3,4,2,5,10
Venetian Wiktionary,1,1,1,10,3,4,2,5,7
Venda Wikipedia,1,1,1,6,3,4,2,5,10
Bashkir Wikibooks,4,4,4,9,4,5,3,2,2
Swahili Wiktionary,1,2,1,8,3,3,2,3,9
Dzongkha Wikipedia,1,1,1,4,3,3,2,5,8
Cherokee Wiktionary,1,2,1,6,3,4,4,3,7
Norwegian Wikibooks,1,1,1,4,3,3,2,5,5
Galician Wikiquote,1,1,1,6,3,4,2,5,7
Georgian Wikibooks,1,1,1,8,3,3,2,5,9
Korean Wikinews,1,1,1,8,3,3,2,5,7
Kannada Wikiquote,1,1,1,8,3,3,2,5,7
Basque Wikiquote,1,1,1,6,3,4,2,5,5
Odia Wiktionary,1,2,1,3,1,1,2,3,4
Venetian Wikisource,1,1,1,6,3,4,2,5,7
Urdu Wikibooks,1,1,2,5,1,1,2,5,6
Guarani Wiktionary,1,1,1,8,3,3,2,5,9
Khmer Wikibooks,1,1,1,8,3,3,2,5,7
Sinhala Wikibooks,1,1,1,4,3,3,2,5,9
Adyghe Wikipedia,1,1,1,6,3,4,2,5,1
Western Frisian Wiktionary,1,2,1,6,3,4,2,3,7
Bosnian Wikisource,1,1,1,8,3,3,2,5,7
Hindi Wikiversity,1,1,1,6,3,4,2,5,7
Karachay-Balkar Wikipedia,1,1,1,6,3,4,2,3,10
Lithuanian Wikisource,1,1,1,4,3,3,2,5,9
Japanese Wikiversity,1,1,1,4,3,3,2,5,9
Asturian Wiktionary,1,2,1,6,3,4,2,3,7
Tigrinya Wikipedia,1,1,1,6,3,4,2,5,1
Greek Wikinews,1,1,1,6,3,4,2,5,5
Sinhala Wiktionary,1,1,1,6,3,4,2,5,7
Tamil Wikinews,1,1,1,10,3,4,2,5,9
Tatar Wikibooks,1,1,1,8,3,3,2,5,9
Sundanese Wikiquote,1,1,1,8,3,3,2,5,7
Norwegian Nynorsk Wikiquote,1,1,1,6,3,4,2,5,9
Serbian Wikibooks,1,1,1,8,3,3,2,5,9
Sakha Wikisource,1,1,1,8,3,3,2,5,7
Kyrgyz Wiktionary,1,2,1,8,3,3,2,3,9
Romanian Wikivoyage,1,1,1,6,3,4,2,5,8
Welsh Wiktionary,1,2,1,10,3,4,2,3,9
Kazakh Wiktionary,1,1,1,8,3,3,2,5,8
Afrikaans Wikiquote,1,1,1,8,3,3,2,5,9
Turkish Wikinews,1,1,1,10,3,4,2,5,5
Chinese (Min Nan) Wiktionary,1,1,1,10,3,4,2,3,9
Esperanto Wikibooks,1,1,1,8,3,3,2,5,9
Albanian Wikiquote,1,1,1,8,3,3,2,5,9
Basque Wikibooks,1,1,1,8,3,3,2,5,7
Marathi Wikibooks,1,1,1,8,3,3,2,5,9
Limburgish Wiktionary,1,2,1,10,3,4,2,3,9
Marathi Wikiquote,1,1,1,8,3,3,2,5,9
Persian Wikinews,1,1,1,5,1,1,2,5,6
Armenian Wikibooks,1,1,1,8,3,3,2,5,9
Nepali Wiktionary,1,1,1,6,3,4,2,5,7
Latin Wikiquote,1,1,1,8,3,3,2,5,9
Maori Wiktionary,1,1,1,6,3,4,2,5,9
Malay Wikibooks,1,1,1,8,3,3,2,5,9
Sindhi Wiktionary,1,1,1,10,3,4,2,5,6
Telugu Wikibooks,1,1,1,8,3,3,2,5,9
Hindi Wikivoyage,4,4,4,9,4,5,3,2,2
Volapuk Wiktionary,1,1,1,10,3,4,2,5,9
Limburgish Wikiquote,1,1,1,6,3,4,2,5,7
Macedonian Wikibooks,1,1,1,8,3,3,2,5,9
Sanskrit Wikibooks,1,1,1,8,3,3,2,5,7
Tatar Wiktionary,1,1,1,6,3,4,2,5,9
Tamil Wikiquote,1,1,1,8,3,3,2,5,9
Icelandic Wikisource,1,1,1,6,3,4,2,5,7
Esperanto Wikinews,1,1,1,10,3,4,2,5,9
Telugu Wikiquote,1,1,1,8,3,3,2,5,9
Belarusian Wiktionary,1,1,1,6,3,4,2,5,5
Interlingua Wiktionary,1,1,1,10,3,4,2,5,9
Malayalam Wikibooks,1,1,1,8,3,3,2,5,9
Romanian Wikinews,1,1,1,6,3,4,2,5,7
Bosnian Wiktionary,1,1,1,10,3,4,2,3,7
Lao Wiktionary,1,2,1,8,3,3,2,3,9
Punjabi Wikisource,4,4,4,9,4,5,3,2,2
Faroese Wiktionary,1,1,1,6,3,4,2,5,7
Aragonese Wiktionary,1,1,1,10,3,4,2,5,9
Yiddish Wikisource,1,1,1,10,3,4,2,5,6
Limburgish Wikisource,1,1,1,6,3,4,2,5,7
Southern Sotho Wiktionary,1,1,1,6,3,4,2,5,9
Pashto Wiktionary,1,1,1,5,1,1,2,5,6
Assamese Wikisource,1,1,1,6,3,4,2,5,7
Limburgish Wikibooks,1,1,1,6,3,4,2,5,7
Breton Wikiquote,1,1,1,8,3,3,2,5,7
Interlingue Wiktionary,1,1,1,6,3,4,2,5,7
Swedish Wikinews,1,1,1,10,3,4,2,5,5
Lojban Wiktionary,1,1,1,10,3,4,2,5,9
Kurdish Wikiquote,1,1,1,6,3,4,2,5,9
Luxembourgish Wiktionary,1,1,1,8,3,3,2,5,9
Corsican Wiktionary,1,1,1,10,3,4,2,3,9
Macedonian Wiktionary,1,1,1,10,3,4,2,5,5
Kurdish Wikibooks,1,1,1,8,3,3,2,5,9
Nahuatl Wiktionary,1,1,1,10,3,4,2,5,9
Kashubian Wiktionary,1,1,1,10,3,4,2,5,9
Sanskrit Wikiquote,1,1,1,8,3,3,2,5,9
Sundanese Wiktionary,1,1,1,8,3,3,2,5,9
Gujarati Wikiquote,1,1,1,6,3,4,2,5,7
Welsh Wikisource,1,1,1,8,3,3,2,5,9
Irish Wiktionary,1,1,1,8,3,3,2,5,9
Albanian Wikinews,1,1,1,6,3,4,2,5,9
Upper Sorbian Wiktionary,1,1,1,10,3,4,2,5,9
Wolof Wiktionary,1,1,1,6,3,4,2,5,9
Amharic Wiktionary,1,1,1,8,3,3,2,5,9
Latin Wikibooks,1,1,1,8,3,3,2,5,9
Nepali Wikibooks,1,1,1,6,3,4,2,5,9
Occitan Wikibooks,1,1,1,8,3,3,2,5,9
Turkmen Wiktionary,1,1,1,10,3,4,2,5,9
Maltese Wiktionary,1,1,1,8,3,3,2,5,9
Hausa Wiktionary,1,1,1,10,3,4,2,5,9
Uyghur Wiktionary,1,1,1,10,3,4,2,5,6
Aromanian Wiktionary,1,1,1,10,3,4,2,5,9
Chinese (Min Nan) Wikisource,1,1,1,8,3,3,2,5,9
Quechua Wiktionary,1,1,1,10,3,4,2,5,10
Belarusian Wikibooks,1,1,1,8,3,3,2,5,7
Fiji Hindi Wiktionary,4,4,4,9,4,5,3,2,2
Western Frisian Wikibooks,4,4,4,9,4,5,3,2,2
Faroese Wikisource,1,1,1,10,3,4,2,5,9
Fijian Wiktionary,4,4,4,9,4,5,3,2,2
Tswana Wiktionary,4,4,4,9,4,5,3,2,2
Tajik Wikibooks,4,4,4,9,4,5,3,2,2
Pali Wikipedia,4,4,4,9,4,5,3,2,2
Tigrinya Wiktionary,4,4,4,9,4,5,3,2,2
Tok Pisin Wiktionary,4,4,4,9,4,5,3,2,2
Finnish Wikinews,1,1,1,8,3,3,2,5,8
Samoan Wiktionary,4,4,4,9,4,5,3,2,2
Manx Wiktionary,1,1,1,8,3,3,2,5,8
Hebrew Wikinews,4,4,4,9,4,5,3,2,2
Welsh Wikiquote,4,4,4,9,4,5,3,2,2
Bulgarian Wikinews,1,1,1,8,3,3,2,5,9
Sango Wiktionary,1,1,1,10,3,4,2,5,9
Kashmiri Wiktionary,1,1,1,10,3,4,2,5,6
Western Punjabi Wiktionary,1,1,1,10,3,4,2,5,6
Kalaallisut Wiktionary,4,4,4,9,4,5,3,2,2
Kyrgyz Wikibooks,1,1,1,8,3,3,2,5,8
Bosnian Wikibooks,1,1,1,8,3,3,2,5,9
Bosnian Wikinews,4,4,4,9,4,5,3,2,2
Javanese Wiktionary,1,1,1,8,3,3,2,5,2
Kinyarwanda Wiktionary,1,1,1,10,3,4,2,5,9
Yiddish Wiktionary,1,1,1,10,3,4,2,5,6
Inuktitut Wiktionary,1,1,1,10,3,4,2,5,9
Icelandic Wikiquote,1,1,1,10,3,4,2,5,9
Somali Wiktionary,1,1,1,10,3,4,2,5,9
Interlingua Wikibooks,1,1,1,8,3,3,2,5,9
Wolof Wikiquote,1,1,1,10,3,4,2,5,8
Zulu Wiktionary,1,1,1,8,3,3,2,5,9
Kyrgyz Wikiquote,1,1,1,10,3,4,2,5,6
Divehi Wiktionary,1,1,1,8,3,3,2,5,9
Uzbek Wikiquote,1,1,1,10,3,4,2,5,9
Moldovan Wikipedia,1,1,1,10,3,4,2,5,8
Aymara Wiktionary,1,1,1,10,3,4,2,5,9
Tosk Wikiquote,1,1,1,10,3,4,2,3,8
Ingush Wikipedia,1,1,1,10,3,4,2,5,8
Gorontalo Wikipedia,1,1,1,10,3,4,2,5,8
Basque Wikisource,1,1,1,10,3,4,2,5,8
Moldovan Wiktionary,1,1,1,10,3,4,2,5,8
Lingua Franca Nova Wikipedia,1,1,1,10,3,4,2,5,8
Oromo Wiktionary,1,1,1,10,3,4,2,5,8
Piedmontese Wikisource,1,1,4,10,3,4,2,5,8
Punjabi Wikibooks,1,1,1,8,3,3,2,5,9
Tosk Wikibooks,1,1,1,10,3,4,2,5,8
Bangla Wikivoyage,1,1,1,10,3,4,2,5,8
Malagasy Wikibooks,1,1,1,4,3,3,2,5,8
Nauru Wiktionary,1,1,1,10,3,4,2,5,9
Afrikaans Wikibooks,1,1,1,10,3,4,2,5,9
Norwegian Wikinews,1,1,1,10,3,4,2,5,9
Pashto Wikivoyage,1,1,1,10,3,4,2,5,6
Scottish Gaelic Wiktionary,1,1,1,8,3,3,2,5,9
Old English Wiktionary,1,1,1,8,3,3,2,5,9
Tosk Wiktionary,1,1,1,10,3,4,2,5,8
Wikiversity Beta,1,2,1,3,1,1,2,3,9
Lingala Wiktionary,1,1,1,10,3,4,2,5,9
Tsonga Wiktionary,1,1,1,10,3,4,2,5,9
Cornish Wiktionary,1,1,1,10,3,4,2,5,8
Gujarati Wiktionary,1,1,1,8,3,3,2,5,9
Swati Wiktionary,1,1,1,10,3,4,2,5,9
Chuvash Wikibooks,1,1,1,8,3,3,2,5,9
Galician Wikibooks,1,1,1,8,3,3,2,5,9
Welsh Wikibooks,1,1,1,8,3,3,2,5,9
Sakha Wikiquote,4,4,4,9,4,5,3,2,2
